user_ans_2,summed_ans_2,user_ans_4,summed_ans_4,user_ans_1,summed_ans_1,user_ans_3,summed_ans_3
Санкт Петербург,Санкт-Петербург,Все,"К сожалению, вы не предоставили конкретной информации о проблемах или положительных аспектах, с которыми столкнулся пользователь. Пожалуйста, уточните ваш запрос.",47,47,Снятие денег за переводы внутри Сбербанка и людям Сбербанка Лимит стоит от 50 то Ничего Ок,"Пользователь столкнулся с проблемой, что при переводах внутри Сбербанка и людям Сбербанка взимается комиссия, если сумма превышает 50. Это вызывает неудобства для пользователя."
Ростов,Ростов,"Быстро, без лишней рекламы Много банкоматов Нет Чтобы все они имели возможность снимать и пополнять и в них были деньги и размен Ок","Пользователь отметил следующие положительные аспекты:
- Большое количество банкоматов;
- Отсутствие навязчивой рекламы;
- Возможность снятия и пополнения счета во всех банкоматах;
- Наличие денег и размена в банкоматах.",25,25,"Нет кнопки «перевести себе» в другой банк Часто Нет, нажимаю больше кнопок в вашем Спасибо","Проблемы пользователя: 
1. Отсутствие кнопки ""перевести себе"" в другой банк.
2. Невозможность перевести деньги на свой счет в другом банке.
3. Сложности с использованием функционала программы ""Спасибо""."
Спб,Санкт-Петербург,мне нравится мне мобильное приложение мне нравятся анализ расходов пока!,Пользователь доволен мобильным приложением и особенно функцией анализа расходов.,18,18,мне не нравятся очереди Мне не нравятся большие комиссии за переводы задай вопрос как положено,Какие проблемы вы испытываете при использовании сервисов онлайн-переводов?
Ростов-на-дону,Ростов-на-Дону,"Стикеры в вк Нет, я имел ввиду то, что раз в несколько месяцев мне дарят набор стикеров от сбербанка в социальной сети ""Вконтакте"" Это все","Пользователь столкнулся с положительным аспектом в виде регулярного получения набора стикеров от Сбербанка в социальной сети ""Вконтакте"". Этот аспект можно представить в следующем формате:

Python
[""получение набора стикеров от Сбербанка в ВКонтакте""]",26,26,"Комиссия при оплате ЖКХ Целиком вся коммисия, сталкиваюсь каждый месяц Это все","Проблемы пользователя:
- Комиссия при оплате ЖКХ
- Комиссию нужно платить целиком
- Эта проблема возникает каждый месяц"
Приморск,Приморск,,,40,40,"Закрытие офисов в 18.00 Приходится отпрашиваться с работы, что бы успеть в банк. Бывают вопросы, которые невозможно решить через банк он-лайн. И в выходные работает только одни банк. Многие можно сделать через сбер он-лайн. Персонал  работающий в офисах банка.","[""Проблема 1"": Закрытие офисов в 18:00 создает неудобства для клиентов, которым приходится отпрашиваться с работы, чтобы успеть в банк.],
[""Проблема 2"": Не все вопросы можно решить через онлайн-банкинг, поэтому иногда необходимо посещать физические отделения банка.],
[""Проблема 3"": В выходные дни работает только одно отделение банка, что может быть неудобно для клиентов, которым нужно решить срочные вопросы в нерабочее время.],
[""Проблема 4"": Персонал, работающий в офисах банка, может испытывать трудности в обслуживании клиентов из-за ограничений рабочего времени и доступности отделений.],"
Санкт-Петербург,Санкт-Петербург,,,25,25,"Отсутствие нормального мобильного приложения Отсутствие приложения Длинные очереди в отделениях Качество, надежность услуг Нет","Проблемы, с которыми столкнулся пользователь:
- Отсутствие нормального мобильного приложения
- Отсутствие приложения
- Длинные очереди в отделениях
- Качество и надежность услуг"
Спб,Санкт-Петербург,U Да,"Пользователь не предоставил информацию о проблемах или сложностях, с которыми он столкнулся.",20,20,Спам-звонки Еженедельно Хз Далее,"Проблемы пользователя:
1. Спам-звонки
2. Неизвестно, как часто они происходят (еженедельно?)"
Воронеж,Воронеж,"Нравится удобство приложения, интерфэйс Нравится запоминание последних контактов кому отправляла средства, даже если это другой банк, нравится, что всё, что может понадобится оперативно - камера куаркода например, находится на главной, нравится что легко отследить траты не ведя раскопки в приложении, и плюс анализ финансов 👍 Получше продумать раздел кэшбэка 😌 и сразу в разы чаще пользоваться сбером начну. 👌","Пользователь отмечает следующие положительные аспекты использования приложения:
- Удобный интерфейс;
- Запоминание последних контактов для отправки средств;
- Наличие камеры для сканирования QR-кодов на главной странице;
- Легкость отслеживания расходов;
- Анализ финансов.
Также пользователь предлагает улучшить раздел кэшбэка.",33,33,"Мало вариантов вкладов, кэшбэк Сберспасибо(а хотелось бы рублями) слишком заморочен и от этого бесполезен. Вклад с пополнением и снятием с несколько большим процентом, потому что менее 2 % не интересно, а если чуть больше процент, то сразу стартовая сумма больше и снятие отменено… в общем поэтому и не привлекают именно в Сбере вклады.
Кэшбэк слишком ограничивает траты- именно в приложении и только по некоторым категориям… и лень возиться, проще переложить деньги на карту другого банка, где кэшбэк в рублях🤗 Пару акций лежат на сбере, но тоже, чисто символически, не очень удобно прыгать по разным банкам, а тут немного разочаровалась, поэтому практически не пользуюсь теперь 👌","[1. Недостаточное количество вариантов вкладов в Сбербанке;
2. Кэшбэк программа ""Сберспасибо"" сложна в использовании и не предоставляет достаточно выгод;
3. Отсутствие подходящего вклада с пополнением и снятием, который предлагает хороший процент;
4. Ограничения в программе кэшбэка, которые делают ее использование неудобным и малоприбыльным;
5. Разочарование в использовании Сбербанка из-за отсутствия удобных условий для клиента.]"
Краснодар,Краснодар,Оперативность В переводах Интерфейс Все До свидания! Хорошо Пока,"Пользователь отметил следующие положительные аспекты: оперативность в переводах, удобный интерфейс, возможность быстрого прощания (""до свидания!"") и пожелание ""хорошо"" перед уходом (""пока"").",23,23,Спам смс Надоедают Об операциях Нет Да,"Проблемы пользователя: 
1. Получение спам-смс о различных операциях.
2. Быстрое надоедание от этих сообщений."
Москва,Москва,Все нравится Нет Пожалуйста,"Пользователь не указал конкретные положительные аспекты, с которыми он столкнулся.",24,24,Все нравится Ага,"Отлично! Если у вас нет никаких проблем или вопросов, то я могу помочь вам с чем-то еще."
До свидания,До свидания!,,,23,23,,
Санкт-Петербург,Санкт-Петербург,"Бот помощник Это все, остальное как у всех просто","Извините, я не совсем понимаю, что вы хотите от меня. Можете, пожалуйста, уточнить ваш запрос?",27,27,"Комиссия за оплату гос учреждений, при том что в Данил банках её нет (ЖКХ, садик и тд) Тинькофф Остальное вполне устраивает Ок","Проблемы пользователя:
- Взимание комиссии за оплату государственных учреждений (например, ЖКХ, садик и т.д.) при использовании банка ""Тинькофф"".
- Отсутствие подобной комиссии в других банках."
31,Москва,"Услуги радуют!
Удобство в формате онлайн - нормальное, а вот оффлайн - не везло на хороший сервис. Напряженность Нет Ок Полнота Переводы Нет","Пользователь отмечает удобство услуг в формате онлайн, которого ему не хватало при использовании оффлайн-сервисов. Он также упоминает отсутствие проблем с напряжением, полнотой и переводами.",Хорошо,25,СПб,"Пользователь столкнулся со следующими проблемами:

- Проблема 1: Невозможность запустить программу из-за отсутствия необходимых библиотек.
- Проблема 2: Ошибки в коде, которые приводят к некорректной работе программы.
- Проблема 3: Сложности в понимании синтаксиса Python и его особенностей.
- Проблема 4: Отсутствие знаний о том, как эффективно использовать функции и классы в Python.
- Проблема 5: Трудности в работе с файлами и базами данных в Python.
- Проблема 6: Необходимость оптимизации кода для улучшения производительности программы."
Спб,Санкт-Петербург,Оперативность рассмотрения обращений Они на высшем уровне,"Пользователь отметил оперативность рассмотрения обращений, что говорит о высокой эффективности работы службы поддержки или аналогичного отдела.",26,26,Нет нареканий по оказываемым услугам,"Отлично! Если у вас нет никаких проблем или вопросов, это значит, что мы хорошо делаем свою работу. Спасибо за доверие!"
Ростов,Ростов,Все,"К сожалению, вы не предоставили конкретной информации о проблемах или вопросах, с которыми столкнулись. Пожалуйста, уточните ваш запрос, чтобы я могла предоставить более точный ответ.",22,22,Ничего,[]
Спб,Санкт-Петербург,,,29,29,Клиентоориентированность Перерасчет бонусов спасибо Количество офисов Нет Нет,"Проблемы, с которыми столкнулся пользователь:
- Клиентоориентированность
- Перерасчет бонусов ""Спасибо""
- Количество офисов"
Санкт-Петербург,Санкт-Петербург,Перевод по телефону,"Пользователь столкнулся с проблемой перевода по телефону. Он отметил следующие положительные аспекты:

- Возможность общения на разных языках
- Быстрый и удобный способ связи
- Профессиональные переводчики, обеспечивающие точный перевод
- Удобство использования в любых ситуациях, где требуется перевод (бизнес-встречи, медицинские консультации и т.д.)",60,60,Нет возможности платить по телефону,Проблема 1: Пользователь не может оплатить товар или услугу через телефон.
,,,,,,,
Санкт-Петербург,Санкт-Петербург,Удобное приложение Оплата услуг Нет,"Пользователь отметил удобство приложения для оплаты различных услуг. Однако, он не указал на наличие каких-либо проблем или недостатков.",40,40,Все устраивает Да,"Отлично! Если у вас возникают какие-либо проблемы или вопросы в будущем, не стесняйтесь обращаться за помощью."
Санкт Петербург,Санкт-Петербург,"Я не знаю 
Я не пользовалась Так карты легли Нет","К сожалению, я не могу предоставить вам информацию о положительных аспектах, так как вы не указали конкретные проблемы или вопросы, с которыми столкнулись. Если у вас есть какие-то определенные проблемы или вопросы, пожалуйста, уточните их, и я постараюсь помочь вам.",25,25,Не пользуюсь Зеленый цвет не люблю Нет Давай,"Проблемы, с которыми столкнулся пользователь:
- Не нравится зелёный цвет
- Отказ от использования чего-то связанного с зелёным цветом
- Требование начать что-то делать или продолжить диалог"
Ессентуки,Ессентуки,Удобный интерфейс приложения Удобно смотреть все свои карты и совершать переводы Нет,"Пользователь отметил удобство использования интерфейса приложения, а также возможность просмотра всех своих карт и осуществления переводов.",25,25,"Высокие ипотечные ставки Как у работников IT компаний Ограничение переводов без комиссий Переводы без комиссий до 50000 тысяч
Обычно не могу отследить когда уже превысил лимит Я не пользуюсь другими услугами, только карта мир","[""Высокие ипотечные ставки"", ""Ограничение переводов без комиссий"", ""Переводы без комиссий до 50000 тысяч"", ""Трудности с отслеживанием превышения лимита"", ""Использование только карты Мир""]"
Санкт-Петербург,Санкт-Петербург,Удобное приложение Анализ расходов Нет Да,"Пользователь отметил удобство использования приложения для анализа расходов. Он указал, что это помогает ему лучше контролировать свои финансы.",55,55,Комиссия при осуществлении перевода Комиссия за перевод в другие банки Нет Ок,"Проблемы, с которыми столкнулся пользователь:
- Комиссия при осуществлении перевода
- Комиссия за перевод в другие банки"
Санкт-Петербург,Санкт-Петербург,Все,"К сожалению, вы не предоставили конкретной информации о проблемах или положительных аспектах, с которыми столкнулся пользователь. Пожалуйста, уточните ваш запрос.",28,28,Ничего,[]
Ессентуки,Ессентуки,"Скорость, удобство Нет 👍",Пользователь отметил высокую скорость работы и удобство использования Python.,53,53,Все нравится,"Отлично! Если у вас нет никаких проблем или вопросов, то я могу помочь вам с другими задачами."
Санкт-Петербург,Санкт-Петербург,"Доступность, наличие ""спасибо"", особые предложения для зарплатных клиентов. Вклады с хорошим процентом, наличие площадки для инвестиций. Нет, все хорошо. Спасибо.","Пользователь отметил следующие положительные аспекты: доступность услуг банка, наличие специальных предложений для зарплатных клиентов, вклады с высоким процентом и возможность инвестирования через платформу банка. Он также выразил удовлетворение общим опытом использования услуг банка.",32,32,"Иногда подвисает система для самозанятых, невозможно оплатить налог из приложения Сбера. Не часто, в основном в конце дня. Больше проблем нет.","[""Подвисание системы для самозанятых"",""Невозможность оплатить налог из приложения Сбера в конце дня""]"
